Book Id,Title,Author,Author l-f,Additional Authors,ISBN,ISBN13,My Rating,Publisher,Binding,Number of Pages,Year Published,Original Publication Year,Date Read,Date Added,Bookshelves,Bookshelves with positions,Exclusive Shelf,My Review,Spoiler,Private Notes,Read Count,Owned Copies
29081916,Only Dull People Are Brilliant at Breakfast,Oscar Wilde,"Wilde, Oscar",,"=""""","=""""",4,Penguin,Kindle Edition,60,2016,2016,2026/06/08,2026/06/07,,,read,I think a man should invent his own myth.,,,1,0
25614898,When Breath Becomes Air,Paul Kalanithi,"Kalanithi, Paul",Abraham   Verghese,"=""081298840X""","=""9780812988406""",4,Random House,Hardcover,229,2016,2016,2026/05/07,2022/06/19,,,read,,,,1,0
318706,"The Secret of the Caves (Hardy Boys, #7)",Franklin W. Dixon,"Dixon, Franklin W.",,"=""0448189070""","=""9780448189079""",4,Grosset & Dunlap,Hardcover,175,1975,1929,2026/04/24,2026/04/23,,,read,,,,1,0
237402878,Soliloquies,Adil Jussawalla,"Jussawalla, Adil",,"=""9369890033""","=""9789369890033""",4,Fourth Estate India,Kindle Edition,100,2025,,2026/01/26,2026/01/26,,,read,,,,1,0
63877872,And How Do You Feel About That,Aruna Gopakumar,"Gopakumar, Aruna",Yashodhara Lal,"=""014345742X""","=""9780143457428""",4,Penguin ,Paperback,376,2022,2022,2026/02/06,2026/02/05,,,read,,,,1,0
244484834,Never Logged Out: How the Internet Created India's Gen Z,Ria Chopra,"Chopra, Ria",,"=""9361311255""","=""9789361311253""",4,Bloomsbury India,Paperback,234,2025,,2026/04/19,2026/04/19,,,read,,,,1,0
36655278,"Immigrant, Montana",Amitava Kumar,"Kumar, Amitava",,"=""0571339581""","=""9780571339587""",4,Faber & Faber,Hardcover,0,2018,2017,2025/11/20,2025/10/22,,,read,,,,1,0
29410489,The Death of Ivan Ilyich,Leo Tolstoy,"Tolstoy, Leo",,"=""0241251761""","=""9780241251768""",4,Penguin,Paperback,114,2016,1886,2025/10/10,2025/10/10,,,read,,,,1,0
6334,Never Let Me Go,Kazuo Ishiguro,"Ishiguro, Kazuo",,"=""1400078776""","=""9781400078776""",4,Vintage Books ,Paperback,288,2010,2005,2025/09/23,2025/09/09,,,read,A Sci-fi that doesn't seem like one. <br/>Masterful writing with melancholic undertones throughout.,true,,1,0
217514662,The Murders in the Rue Morgue: Pocket Classic,Edgar Allan Poe,"Poe, Edgar Allan",,"=""9358562196""","=""9789358562194""",4,Fingerprint! Pub,Paperback,76,2024,1841,2025/08/19,2025/08/18,,,read,,,,1,0
62192261,The Door-to-Door Bookstore,Carsten Henn,"Henn, Carsten",Melody Shaw,"=""133549085X""","=""9781335490858""",4,Hanover Square Press,Hardcover,239,2023,2020,2025/09/09,2025/09/08,,,read,,,,1,0
199664162,The Yellow Book: A Traveller's Diary,Amitava Kumar,"Kumar, Amitava",,"=""9356996032""","=""9789356996038""",4,HarperCollins India,Kindle Edition,195,2023,,2025/08/30,2025/08/21,,,read,,,,1,0
30267604,Ghachar Ghochar,Vivek Shanbhag,"Shanbhag, Vivek",Srinath Perur,"=""014311168X""","=""9780143111689""",3,Penguin Books,Paperback,118,2017,2013,2025/08/11,2025/08/06,,,read,,,,1,0
56930703,The Puma Years,Laura   Coleman,"Coleman, Laura",,"=""1542022207""","=""9781542022200""",3,Little A,Kindle Edition,321,2021,2021,2025/08/06,2024/08/01,,,read,"The Puma Years by Laura Coleman is a true memoir in every sense—raw, reflective, and grounded in the real-life complexities of jungle conservation work in Bolivia. It took me about a year to finish it, partly because this isn’t a fast-paced story. Instead, it moves with the rhythm of real life, full of moments that are beautiful, chaotic, tiring, and sometimes hard to follow.<br/><br/>One of the more unique elements of the book is how Coleman steers it away from being just a personal journey. She introduces a wide array of people and animals—each a small but significant part of this larger story. While this offers an authentic, collective narrative, it also means that it's not always easy to keep track of every character. But maybe that’s the point. Much like in real life, not every encounter leaves a lasting impression, and many of our experiences are fleeting.<br/><br/>The strongest parts of the book lie in its emotional honesty and deep connection to the natural world. However, it didn’t quite go beyond being “a good read” for me. It’s thoughtful, occasionally moving, and certainly worth reading, but it lacked the kind of resonance or insight that would have made it unforgettable.",,,1,0
58486432,The Blue Umbrella,Ruskin Bond,"Bond, Ruskin",,"=""8171673406""","=""9788171673407""",4,Rupa Publications,Paperback,90,2021,1980,2025/08/05,2025/08/04,,,read,,,,1,0
40006561,The Little Prince,Anotine De Saint-exupery,"Saint-exupery, Anotine De",,"=""9386538229""","=""9789386538222""",5,Fingerprint,Paperback,144,2017,1943,2025/07/24,2025/07/23,,,read,,,,1,0
55873262,A Passage North,Anuk Arudpragasam,"Arudpragasam, Anuk",,"=""0593230701""","=""9780593230701""",4,Hogarth,Hardcover,304,2021,2021,2025/07/08,2022/06/27,,,read,"The initial ambiguity surrounding the subject matter ultimately resolved into an unanticipated outcome. This narrative is enriched by numerous self-contained anecdotes, each offering a unique perspective. It chronicles a journey of exploration, encompassing both physical and intellectual dimensions.",,,1,0
235482272,The Fantastic Affair of Despair,Doorva Devarshi,"Devarshi, Doorva",,"=""9361137255""","=""9789361137259""",0,Pan Macmillan India,Kindle Edition,224,2025,,,2025/06/26,to-read,to-read (#144),to-read,,,,0,0
52384327,White Nights,Fyodor Dostoyevsky,"Dostoyevsky, Fyodor",Fyodor Dostoevsky,"=""1521933073""","=""9781521933077""",4,Independently published,Paperback,189,2017,1848,2025/06/23,2025/06/23,,,read,,,,1,0
8669451,Ice Station,Matthew Reilly,"Reilly, Matthew",,"=""033051346X""","=""9780330513463""",4,Pan MacMillan,Paperback,690,2010,1998,2025/06/17,2024/09/30,,,read,,,,1,0
5129,Brave New World,Aldous Huxley,"Huxley, Aldous",,"=""0060929871""","=""9780060929879""",0,HarperPerennial / Perennial Classics,Paperback,288,1998,1932,,2025/05/28,to-read,to-read (#143),to-read,,,,0,0
200033014,Fahrenheit 451,Ray Bradbury,"Bradbury, Ray",,"=""0006546064""","=""9780006546061""",4,HarperVoyager,Paperback,227,2008,1963,2025/05/28,2025/05/27,,,read,A book ahead of its time. Prescient in lots of ways.,,,1,0
22818499,Into the Heart of the Himalayas,Jono Lineen,"Lineen, Jono",,"=""0522866018""","=""9780522866018""",4,Melbourne University Publishing,Kindle Edition,301,2014,2014,2025/05/12,2025/04/28,,,read,,,,1,0
176050664,A Nest of Vipers (Bangalore Detectives Club #3),Harini Nagendra,"Nagendra, Harini",,"=""1408715244""","=""9781408715246""",4,Constable,Paperback,416,2024,2024,2025/04/28,2025/04/02,,,read,,,,1,0
60288762,The Blue Book: A Writer's Journal,Amitava Kumar,"Kumar, Amitava",,"=""9354893740""","=""9789354893742""",5,HarperCollins India,Paperback,154,2022,,2025/04/13,2025/04/02,,,read,,,,1,0
49455,Notes from Underground,Fyodor Dostoevsky,"Dostoevsky, Fyodor","Donald Fanger, Larissa Volokhonsky, Richard Pevear","=""067973452X""","=""9780679734529""",5,Vintage Classics,Paperback,136,1994,1864,2025/04/02,2025/03/14,,,read,Consise yet packs a punch!,,,1,0
57109107,The Lincoln Highway,Amor Towles,"Towles, Amor",,"=""0735222355""","=""9780735222359""",0,Viking,Hardcover,576,2021,2021,,2025/03/14,to-read,to-read (#142),to-read,,,,0,0
32952765,We Indians,Khushwant Singh,"Singh, Khushwant",,"=""8193284135""","=""9788193284131""",3,Juggernaut Books,Paperback,224,2016,1989,2025/03/09,2025/03/11,,,read,,,,2,0
48767908,The Discomfort of Evening,Lucas Rijneveld,"Rijneveld, Lucas",Michele Hutchison,"=""""","=""""",0,Faber & Faber,Kindle Edition,288,2020,2018,,2023/10/16,did-not-complete,did-not-complete (#7),did-not-complete,,,,1,0
40102,Blink: The Power of Thinking Without Thinking,Malcolm Gladwell,"Gladwell, Malcolm","Barry Fox, Irina Henegar","=""0316010669""","=""9780316010665""",0,Back Bay Books,Paperback,296,2007,2005,,2024/07/28,did-not-complete,did-not-complete (#6),did-not-complete,,,,1,0
220137159,Northanger Abbey,Jane Austen,"Austen, Jane",,"=""981516273X""","=""9789815162738""",0,Penguin Select Classics,Hardcover,240,2024,1817,,2024/11/11,currently-reading,currently-reading (#3),currently-reading,,,,1,0
73098909,Go Set a Watchman,Harper Lee,"Lee, Harper",,"=""3201587524""","=""9783201587525""",3,William Heinemann,Hardcover,0,2015,2015,2025/02/07,2025/02/06,,,read,,,,1,0
59034082,Post Office,Charles Bukowski,"Bukowski, Charles",,"=""""","=""""",3,Ecco,Kindle Edition,162,2009,1971,2025/01/09,2025/01/08,,,read,,,,1,0
194740,The Setting Sun,Osamu Dazai,"Dazai, Osamu",Donald Keene,"=""0811200329""","=""9780811200325""",4,New Directions,Paperback,175,2020,1947,2024/12/19,2024/12/16,,,read,,,,1,0
44421460,"Before the Coffee Gets Cold (Before the Coffee Gets Cold, #1)",Toshikazu Kawaguchi,"Kawaguchi, Toshikazu",Geoffrey Trousselot,"=""1529029589""","=""9781529029581""",3,Picador,Paperback,213,2019,2015,2024/12/09,2024/11/21,,,read,,,,1,0
156958571,These Errors Are Correct,Jeet Thayil,"Thayil, Jeet",,"=""0670096938""","=""9780670096930""",4,Penguin Hamish Hamilton,Hardcover,144,2022,2008,2024/12/07,2024/11/05,,,read,,,,1,0
43497327,The Stranger,Albert Camus,"Camus, Albert",Matthew  Ward,"=""0679720200""","=""9780679720201""",5,Vintage International,Paperback,123,1989,1942,2024/12/02,2024/12/01,,,read,,,,1,0
122833593,"Prince (Deluxe Hardbound Edition), The (Fingerprint Classics)",Niccolò Machiavelli,"Machiavelli, Niccolò",,"=""9354406688""","=""9789354406683""",0,Fingerprint,Hardcover,176,2022,1532,,2024/10/21,currently-reading,currently-reading (#2),currently-reading,,,,1,0
214245003,Darako,Parashar Kulkarni,"Kulkarni, Parashar",,"=""9357087141""","=""9789357087148""",3,Penguin,Kindle Edition,139,2024,,2024/11/11,2024/11/05,,,read,,,,1,0
35838135,your name. 03,Ranmaru Kotone,"Kotone, Ranmaru",Makoto Shinkai,"=""""","=""9780316521178""",3,Yen Press,Paperback,166,2018,2017,2024/10/24,2024/10/24,,,read,,,,1,0
35181845,your name. 2,Ranmaru Kotone,"Kotone, Ranmaru",Makoto Shinkai,"=""""","=""9780316412889""",4,Yen Press,Paperback,164,2017,2016,2024/10/23,2024/10/23,,,read,,,,1,0
33232472,Your name. 01,Ranmaru Kotone,"Kotone, Ranmaru",Makoto Shinkai,"=""""","=""9780316558556""",4,Yen Press,Paperback,180,2017,2016,2024/10/21,2024/10/23,,,read,,,,1,0
44804766,The Palace of Illusions,Chitra Banerjee Divakaruni,"Divakaruni, Chitra Banerjee",,"=""9386215969""","=""9789386215963""",4,Pan Macmillan India,Paperback,360,2019,2008,2024/11/03,2024/10/19,,,read,,,,1,0
11855088,Farewell: The Greatest Spy Story of the Twentieth Century,Sergei Kostin,"Kostin, Sergei","Eric Raynaud, Richard V. Allen, Catherine Cauvin-Higgins","=""161109027X""","=""9781611090277""",0,AmazonCrossing,Kindle Edition,448,2011,2011,,2020/12/27,did-not-complete,did-not-complete (#5),did-not-complete,,,,1,0
213965462,Metamorphosis (HB),Franz Kafka,"Kafka, Franz",,"=""9815162462""","=""9789815162462""",4,Penguin Select Classics,Hardcover,0,2024,1915,2024/10/20,2024/10/20,,,read,,,,1,0
17678814,Neglected Poems,Gulzar & Pavan K. Varma (Tr.),"(Tr.), Gulzar & Pavan K. Varma",,"=""0143420291""","=""9780143420293""",0,Penguin,Paperback,144,2013,2012,,2024/10/19,currently-reading,currently-reading (#1),currently-reading,,,,1,0
215616247,"More Days at the Morisaki Bookshop (Days at the Morisaki Bookshop, #2)",Satoshi Yagisawa,"Yagisawa, Satoshi",Eric Ozawa,"=""1786584328""","=""9781786584328""",4,Manilla Press,Paperback,167,2024,2011,2024/10/10,2024/10/05,,,read,,,,1,0
181906411,"Days at the Morisaki Bookshop (Days at the Morisaki Bookshop, #1)",Satoshi Yagisawa,"Yagisawa, Satoshi",Eric Ozawa,"=""1786583232""","=""9781786583239""",4,Manilla Press,Paperback,170,2023,2010,2024/10/05,2024/10/02,,,read,,,,1,0
18053448,Animal Farm,George Orwell,"Orwell, George",,"=""8172344392""","=""9788172344399""",4,Fingerprint,Paperback,143,2012,1945,2024/09/30,2024/09/30,,,read,,,,1,0
1076038,Anno's Journey,Mitsumasa Anno,"Anno, Mitsumasa",,"=""0698114337""","=""9780698114333""",0,Puffin Books,Paperback,48,1997,1977,,2024/09/07,,,read,,,,1,0
43035,White Fang,Jack London,"London, Jack",K.A. Applegate,"=""""","=""""",5,Scholastic Paperbacks,Paperback,252,2001,1906,,2024/09/07,,,read,,,,1,0
51886975,The Stationery Shop of Tehran,Marjan Kamali,"Kamali, Marjan",,"=""1471185028""","=""9781471185021""",5,Simon & Schuster UK,Kindle Edition,321,2019,2019,2024/08/09,2024/08/09,,,read,,,,1,0
32843,Around the World in Eighty Days,Jules Verne,"Verne, Jules","George Makepeace Towle, Bruce Sterling","=""0812968565""","=""9780812968569""",0,Random House Publishing Group,Paperback,211,2003,1872,,2015/06/26,to-read,to-read (#1),to-read,,,,0,0
44678320,Where the Desert Meets the Sea,Werner Sonne,"Sonne, Werner",Steve  Anderson,"=""1542043891""","=""9781542043892""",3,Amazon Crossing,Kindle Edition,258,2019,2008,2024/08/01,2024/07/16,,,read,,,,1,0
6642715,The Forty Rules of Love,Elif Shafak,"Shafak, Elif",,"=""""","=""""",4,Viking,Hardcover,354,2010,2009,2024/07/28,2024/07/17,,,read,,,,1,0
11991,The Fall (Vintage International),Albert Camus,"Camus, Albert",Justin O'Brien,"=""0679720227""","=""9780679720225""",0,Vintage Books,Paperback,147,1991,1956,,2024/07/16,to-read,to-read (#141),to-read,,,,0,0
11609619,"Freedom from the Known: The inspiring guide to breaking free from expectation, from the bestselling spiritual thinker",J. Krishnamurti,"Krishnamurti, J.",,"=""""","=""""",4,,Kindle Edition,136,,1969,2024/07/16,2024/07/10,,,read,,,,1,0
60051983,Lords of the Deccan : Southern India from the Chalukyas to the Cholas,Anirudh Kanisetti,"Kanisetti, Anirudh",,"=""9391165055""","=""9789391165055""",0,Juggernaut,Hardcover,480,2022,,,2024/07/13,to-read,to-read (#140),to-read,,,,0,0
4667024,The Help,Kathryn Stockett,"Stockett, Kathryn",,"=""0399155341""","=""9780399155345""",4,G.P. Putnam's Sons,Hardcover,451,2009,2009,2024/07/09,2024/01/10,,,read,,,,1,0
340940,Mr. Palomar,Italo Calvino,"Calvino, Italo",,"=""0156627809""","=""9780156627801""",0,Mariner Books Classics,Paperback,144,1986,1983,,2024/06/04,to-read,to-read (#139),to-read,,,,0,0
45714455,Tuesdays with Morrie,Mitch Albom,"Albom, Mitch",,"=""""","=""9780748112616""",4,Sphere,Kindle Edition,210,2009,1997,2024/06/02,2024/05/28,,,read,,,,1,0
32718027,"The City of Brass (The Daevabad Trilogy, #1)",S.A. Chakraborty,"Chakraborty, S.A.",,"=""0062678108""","=""9780062678102""",0,Harper Voyager,Hardcover,532,2017,2017,,2024/05/28,to-read,to-read (#138),to-read,,,,0,0
24611937,"Strangers Drowning: Grappling with Impossible Idealism, Drastic Choices, and the Overpowering Urge to Help",Larissa MacFarquhar,"MacFarquhar, Larissa",,"=""1594204330""","=""9781594204333""",0,Penguin Press,Hardcover,336,2015,2015,,2024/05/28,to-read,to-read (#137),to-read,,,,0,0
50823666,A Gentleman in Moscow,Amor Towles,"Towles, Amor",,"=""""","=""""",5,Cornerstone Digital,ebook,462,2017,2016,2024/05/28,2024/04/15,,,read,,,,1,0
357292,Mirza Ghalib: A Biographical Scenario,Gulzar,"Gulzar, Gulzar",,"=""8129103125""","=""9788129103123""",4,Rupa & Co.,Hardcover,222,2005,2006,2024/05/14,2024/05/14,,,read,,,,1,0
62054146,The Keeper of Hidden Books,Madeline  Martin,"Martin, Madeline",,"=""1335455027""","=""9781335455024""",0,Hanover Square Press,Paperback,416,2023,2023,,2024/04/16,to-read,to-read (#136),to-read,,,,0,0
58784475,"Tomorrow, and Tomorrow, and Tomorrow",Gabrielle Zevin,"Zevin, Gabrielle",,"=""0735243344""","=""9780735243347""",0,Knopf,Hardcover,399,2022,2022,,2024/04/16,to-read,to-read (#135),to-read,,,,0,0
62687857,The Covenant of Water,Abraham   Verghese,"Verghese, Abraham",,"=""""","=""""",0,Grove Press,Hardcover,724,2023,2023,,2024/04/16,to-read,to-read (#134),to-read,,,,0,0
56461570,Beautiful Country,Qian Julie Wang,"Wang, Qian Julie",,"=""0385547218""","=""9780385547215""",0,Doubleday,Hardcover,320,2021,2021,,2024/04/16,to-read,to-read (#133),to-read,,,,0,0
59569448,The Island of Missing Trees,Elif Shafak,"Shafak, Elif",,"=""1635578590""","=""9781635578591""",0,Bloomsbury Publishing,Hardcover,368,2021,2021,,2024/04/16,to-read,to-read (#132),to-read,,,,0,0
56271394,Honor,Thrity Umrigar,"Umrigar, Thrity",,"=""161620995X""","=""9781616209957""",0,Algonquin Books,Hardcover,326,2022,2022,,2024/04/16,to-read,to-read (#131),to-read,,,,0,0
49354511,The Dictionary of Lost Words,Pip Williams,"Williams, Pip",,"=""1925972593""","=""9781925972597""",0,Affirm Press,Paperback,384,2021,2020,,2024/04/16,to-read,to-read (#130),to-read,,,,0,0
35231859,Make Your Bed: Feel grounded and think positive in 10 simple steps,William H. McRaven,"McRaven, William H.",,"=""""","=""""",5,Penguin,Kindle Edition,119,2017,2017,2024/04/15,2022/06/19,,,read,,,,1,0
49004740,"Firm: The Inside Story of McKinsey, The World's Most Controversial Management Consultancy",Duff McDonald,"McDonald, Duff",,"=""""","=""""",3,Oneworld Publications,Kindle Edition,400,2014,2013,2024/04/14,2024/03/20,,,read,,,,1,0
19104,The Overcoat and Other Short Stories,Nikolai Gogol,"Gogol, Nikolai","Stanley Appelbaum, Isabel Florence Hapgood, Gleb Struve, Mary Struve","=""0486270572""","=""9780486270579""",4,Dover Publications,Paperback,103,1992,1836,,2024/03/25,,,read,,,,2,0
202197302,Kashmir: Book 3 of The Partition Trilogy,Manreet Sodhi Someshwar,"Someshwar, Manreet Sodhi",,"=""9356995419""","=""9789356995413""",4,HarperCollins India,Kindle Edition,364,2024,,2024/03/20,2024/03/04,,,read,,,,1,0
60321447,Chip War: The Fight for the World's Most Critical Technology,Chris   Miller,"Miller, Chris",,"=""1982172002""","=""9781982172008""",0,Scribner,Hardcover,431,2022,2022,,2024/03/04,to-read,to-read (#129),to-read,,,,0,0
50569610,"Rumi's Little Book of Life: The Garden of the Soul, the Heart, and the Spirit",Jalal ad-Din Muhammad ar-Rumi,"ar-Rumi, Jalal ad-Din Muhammad","Maryam Mafi, Azima Melita Kolin","=""""","=""""",5,Amaryllis - an imprint of Manjul,Kindle Edition,228,2019,,2024/03/04,2024/02/27,,,read,,,,1,0
21863030,The Namesake,Jhumpa Lahiri,"Lahiri, Jhumpa",,"=""0007383533""","=""""",5,Fourth Estate,Kindle Edition,305,2014,2003,2024/03/02,2022/06/19,,,read,,,,1,0
152044059,The Good Enough Job: What We Gain When We Don’t Put Work First,Simone Stolzoff,"Stolzoff, Simone",,"=""1529903564""","=""9781529903560""",4,Ebury Digital,Kindle Edition,241,2023,2023,2024/02/22,2024/02/21,,,read,,,,1,0
12416366,"The Alloy of Law (Mistborn, #4)",Brandon Sanderson,"Sanderson, Brandon",,"=""""","=""""",4,Gollanz,Kindle Edition,336,2011,2011,2024/02/09,2020/06/14,,,read,,,,1,0
59656094,The Bangalore Detectives Club (Bangalore Detectives Club #1),Harini Nagendra,"Nagendra, Harini",,"=""""","=""""",3,Constable,Kindle Edition,352,2022,2022,2024/01/17,2024/01/10,,,read,,,,1,0
74765220,Murder Under a Red Moon (The Bangalore Detectives Club #2),Harini Nagendra,"Nagendra, Harini",,"=""1408715228""","=""9781408715222""",3,Constable,Kindle Edition,289,2023,2023,2024/01/24,2024/01/24,,,read,,,,1,0
13079982,Fahrenheit 451,Ray Bradbury,"Bradbury, Ray",,"=""""","=""""",0,Simon & Schuster,Mass Market Paperback,249,2011,1963,,2024/01/10,to-read,to-read (#128),to-read,,,,0,0
170448,Animal Farm,George Orwell,"Orwell, George","Russell Baker, C.M. Woodhouse","=""0451526341""","=""9780451526342""",0,Signet Classics,Mass Market Paperback,141,1996,1945,,2024/01/10,to-read,to-read (#127),to-read,,,,0,0
200122117,Spending Fast and Slow: Why your money disappears so fast and how to slow down the flow,Max Phelps,"Phelps, Max",,"=""1922611921""","=""9781922611925""",0,Major Street Publishing,Kindle Edition,193,2023,,,2024/01/10,to-read,to-read (#126),to-read,,,,0,0
64645718,Feel-Good Productivity: How to Do More of What Matters to You,Ali  Abdaal,"Abdaal, Ali",,"=""1529159393""","=""9781529159394""",4,Penguin,Kindle Edition,290,2023,2023,2024/01/10,2024/01/10,,,read,,,,1,0
62088226,Tata's Leadership Experiment: The Story of the Tata Administrative Service,Mukund Rajan,"Rajan, Mukund","Sonu Bhasin, Bharat Wakhlu","=""9356293341""","=""9789356293342""",0,HarperBusiness,Kindle Edition,369,2022,,,2023/05/21,did-not-complete,did-not-complete (#4),did-not-complete,,,,0,0
44525305,The Ride of a Lifetime: Lessons Learned from 15 Years as CEO of the Walt Disney Company,Robert Iger,"Iger, Robert",Joel Lovell,"=""""","=""""",4,Random House,Hardcover,272,2019,2019,,2021/06/16,,,read,,,,2,0
59617445,Lahore (The Partition Trilogy #1),Manreet Sodhi Someshwar,"Someshwar, Manreet Sodhi",,"=""9354890695""","=""9789354890697""",4,HarperCollins India,Kindle Edition,353,2021,2021,2024/01/02,2023/12/08,,,read,,,,1,0
63051548,Hyderabad: Book 2 of The Partition Trilogy,Manreet Sodhi Someshwar,"Someshwar, Manreet Sodhi",,"=""9356291195""","=""9789356291195""",4,HarperCollins India,Kindle Edition,347,2022,2022,2023/12/07,2023/12/03,,,read,,,,1,0
35036888,The Hungry Tide,Amitav Ghosh,"Ghosh, Amitav",,"=""9352141105""","=""9789352141104""",4,Viking,Kindle Edition,439,2008,2004,2023/10/16,2023/10/08,,,read,,,,1,0
12970898,Norwegian Wood,Haruki Murakami,"Murakami, Haruki",,"=""""","=""""",4,Vintage Digital,Kindle Edition,401,2011,1987,2023/10/05,2022/02/08,,,read,,,,1,0
36166570,I Do What I Do,Raghuram G. Rajan,"Rajan, Raghuram G.",,"=""9352770153""","=""9789352770151""",4,HarperBusiness,Kindle Edition,251,2017,2017,2023/09/12,2022/05/27,,,read,,,,1,0
60151185,The Pathless Path: Imagining a New Story For Work and Life (The Pathless Path Collection Book 1),Paul  Millerd,"Millerd, Paul",,"=""""","=""9798985515343""",5,Pathless Publishing,Kindle Edition,222,2022,2022,2023/09/04,2023/09/04,,,read,,,,1,0
63263970,The War Diary of Asha-san: From Tokyo to Netaji's Indian National Army,Bharati 'Asha' Sahay  Choudhry,"Choudhry, Bharati 'Asha' Sahay",Tanvi Srivastava,"=""9356291462""","=""9789356291461""",4,HarperCollins India,Kindle Edition,292,2022,,2023/09/01,2023/08/19,,,read,,,,1,0
50272752,Anxious People,Fredrik Backman,"Backman, Fredrik",,"=""""","=""""",5,Penguin,ebook,352,2020,2019,2023/08/18,2022/06/19,,,read,,,,1,0
12504523,All the Roads Are Open: The Afghan Journey (The Swiss List),Annemarie Schwarzenbach,"Schwarzenbach, Annemarie",Isabel Fargo Cole,"=""0857420151""","=""9780857420152""",0,Seagull Books,Hardcover,124,2011,2000,,2022/06/27,to-read,to-read (#87),to-read,,,,0,0
65642830,Highway to Swades: Rediscovering India's Superpowers,Bhairavi Jani,"Jani, Bhairavi",,"=""9356292094""","=""9789356292093""",4,HarperCollins India,Kindle Edition,489,2022,,2023/07/12,2023/01/03,,,read,,,,1,0
37570546,"Maybe You Should Talk to Someone: A Therapist, Her Therapist, and Our Lives Revealed",Lori Gottlieb,"Gottlieb, Lori",,"=""1328662055""","=""9781328662057""",4,Harper,Hardcover,415,2019,2019,2023/06/28,2023/06/27,,,read,,,,1,0
34932741,The Inheritance of Loss,Kiran Desai,"Desai, Kiran",,"=""9351189252""","=""9789351189251""",4,Penguin,Kindle Edition,423,2015,2005,2023/05/20,2023/05/14,,,read,,,,1,0
53497649,"The Mental Toughness Handbook: A Step-By-Step Guide to Facing Life's Challenges, Managing Negative Emotions, and Overcoming Adversity with Courage and Poise",Damon Zahariades,"Zahariades, Damon",,"=""""","=""""",0,,Kindle Edition,206,2020,,,2022/04/25,did-not-complete,did-not-complete (#3),did-not-complete,,,,0,0
2159,Confessions of an Economic Hit Man,John Perkins,"Perkins, John",,"=""0452287081""","=""9780452287082""",4,Plume,Paperback,303,2005,2005,2023/05/14,2023/03/15,,,read,,,,1,0
54615491,Atomic Habits: An Easy and Proven Way to Build Good Habits and Break Bad Ones,James Clear,"Clear, James",,"=""""","=""""",0,Cornerstone Digital,Kindle Edition,277,2018,2018,,2022/06/19,did-not-complete,did-not-complete (#2),did-not-complete,,,,0,0
641601,Ogilvy on Advertising,David Ogilvy,"Ogilvy, David",,"=""039472903X""","=""9780394729039""",4,Vintage,Paperback,224,1985,1983,2023/05/14,2023/05/14,,,read,,,,1,0
556602,Sarah's Key,Tatiana de Rosnay,"Rosnay, Tatiana de",,"=""0312370830""","=""9780312370831""",0,St. Martins Press,Hardcover,294,2007,2006,,2023/04/20,to-read,to-read (#125),to-read,,,,0,0
20879591,The Land Of Flying Lamas & Other Real Travel Stories From The Indian Himalaya,Gaurav Punj,"Punj, Gaurav",,"=""""","=""""",3,Tranquebar,Kindle Edition,256,2013,2013,2023/03/10,2022/12/22,,,read,,,,1,0
55928651,The Happiest Man on Earth: The Beautiful Life of an Auschwitz Survivor,Eddie Jaku,"Jaku, Eddie",,"=""1529066344""","=""9781529066340""",5,Macmillan,Kindle Edition,221,2020,2020,2023/03/03,2023/03/02,,,read,,,,1,0
52662139,Square Haunting: Five Writers in London Between the Wars,Francesca Wade,"Wade, Francesca",,"=""0451497791""","=""9780451497796""",0,Tim Duggan Books,Hardcover,432,2020,2020,,2023/01/03,to-read,to-read (#124),to-read,,,,0,0
43382084,Creativity Code,Marcus du Sautoy,"Sautoy, Marcus du",,"=""0008288151""","=""9780008288150""",0,4th Estate,Hardcover,336,2019,2019,,2023/01/03,to-read,to-read (#123),to-read,,,,0,0
42972023,"The Anarchy: The East India Company, Corporate Violence, and the Pillage of an Empire",William Dalrymple,"Dalrymple, William",,"=""1635573955""","=""9781635573954""",0,Bloomsbury Publishing,Hardcover,544,2019,2019,,2023/01/03,to-read,to-read (#122),to-read,,,,0,0
54785515,Four Thousand Weeks: Time Management for Mortals,Oliver Burkeman,"Burkeman, Oliver",,"=""0374159122""","=""9780374159122""",0,"Farrar, Straus and Giroux",Hardcover,245,2021,2021,,2023/01/03,to-read,to-read (#121),to-read,,,,0,0
35957157,Thinking in Bets: Making Smarter Decisions When You Don't Have All the Facts,Annie Duke,"Duke, Annie",,"=""0735216355""","=""9780735216358""",0,Portfolio,Hardcover,288,2018,2018,,2023/01/02,to-read,to-read (#120),to-read,,,,0,0
59696349,Build: An Unorthodox Guide to Making Things Worth Making,Tony Fadell,"Fadell, Tony",,"=""1787634116""","=""9781787634114""",0,Bantam Press,Paperback,416,2022,,,2023/01/02,to-read,to-read (#119),to-read,,,,0,0
11264737,"Kane and Abel (Kane and Abel, #1)",Jeffrey Archer,"Archer, Jeffrey",,"=""0330461931""","=""9780330461931""",4,Pan Publishing,Kindle Edition,200,2008,1979,2022/11/06,2022/09/11,,,read,,,,1,0
52567655,Fresh Floods (Ponniyin Selvan #1),Kalki Krishnamurthy,"Krishnamurthy, Kalki",Pavithra Srinivasan,"=""9388860020""","=""9789388860024""",5,ZERO DEGREE PUBLISHING,Paperback,454,2019,1954,2022/09/28,2022/09/23,,,read,,,,1,0
50939073,Non Obvious Megatrends: How to See What Others Miss and Predict the Future,Rohit Bhargava,"Bhargava, Rohit",,"=""1646870212""","=""9781646870219""",4,Ideapress Publishing,Paperback,290,2020,,2022/09/23,2022/09/20,,,read,,,,1,0
32816087,7 Powers: The Foundations of Business Strategy,Hamilton Wright Helmer,"Helmer, Hamilton Wright",,"=""0998116319""","=""9780998116310""",0,Hamilton Helmer,Paperback,210,2016,,,2022/07/27,to-read,to-read (#118),to-read,,,,0,0
26147756,What Is Strategy?,Michael E. Porter,"Porter, Michael E.",,"=""""","=""""",0,Harvard Business School Publishing,Library Binding,21,1996,1996,,2022/07/27,to-read,to-read (#117),to-read,,,,0,0
134779,CASES IN COMPETITIVE STRATEGY,Michael E. Porter,"Porter, Michael E.",,"=""0029254108""","=""9780029254103""",0,Free Press,Hardcover,541,1983,1983,,2022/07/27,to-read,to-read (#116),to-read,,,,0,0
134778,The Competitive Advantage of Nations,Michael E. Porter,"Porter, Michael E.",,"=""0684841479""","=""9780684841472""",0,Free Press,Hardcover,896,1998,1990,,2022/07/27,to-read,to-read (#115),to-read,,,,0,0
134776,Competitive Advantage: Creating and Sustaining Superior Performance,Michael E. Porter,"Porter, Michael E.",,"=""0684841460""","=""9780684841465""",0,Free Press,Hardcover,592,1998,1985,,2022/07/27,to-read,to-read (#114),to-read,,,,0,0
407999,Competitive Strategy: Techniques for Analyzing Industries and Competitors,Michael E. Porter,"Porter, Michael E.",,"=""0684841487""","=""9780684841489""",0,Free Press,Hardcover,397,1998,1980,,2022/07/27,to-read,to-read (#113),to-read,,,,0,0
3487850,The Innovator's Prescription: A Disruptive Solution for Health Care,Clayton M. Christensen,"Christensen, Clayton M.","Jerome H. Grossman M.D., Jason Hwang M.D.","=""0071592083""","=""9780071592086""",0,McGraw Hill,Hardcover,496,2009,2008,,2022/07/27,to-read,to-read (#112),to-read,,,,0,0
37868583,The Prosperity Paradox: How Innovation Can Lift Nations Out of Poverty,Clayton M. Christensen,"Christensen, Clayton M.","Efosa Ojomo, Karen Dillon","=""0062851837""","=""9780062851833""",0,Harper Business,Kindle Edition,355,2019,2019,,2022/07/27,to-read,to-read (#111),to-read,,,,0,0
28820024,Competing Against Luck,Clayton M. Christensen,"Christensen, Clayton M.","Taddy Hall, Karen Dillon, David S. Duncan","=""0062435639""","=""9780062435637""",0,Harper Business,ebook,288,2016,2016,,2022/07/27,to-read,to-read (#110),to-read,,,,0,0
2618,The Innovator's Solut!on: Creating and Sustaining Successful Growth,Clayton M. Christensen,"Christensen, Clayton M.",Michael E. Raynor,"=""1578518520""","=""9781578518524""",0,Harvard Business School Press,Hardcover,304,2003,2003,,2022/07/27,to-read,to-read (#109),to-read,,,,0,0
2615,The Innovator's Dilemma: The Revolutionary Book that Will Change the Way You Do Business,Clayton M. Christensen,"Christensen, Clayton M.",,"=""0060521996""","=""9780060521998""",0,Collins,Paperback,320,2003,1997,,2022/07/27,to-read,to-read (#108),to-read,,,,0,0
57539677,Case Study,Graeme Macrae Burnet,"Burnet, Graeme Macrae",,"=""1913393194""","=""9781913393199""",0,Saraband,Hardcover,278,2021,2021,,2022/07/26,to-read,to-read (#107),to-read,,,,0,0
57224204,The Seven Moons of Maali Almeida,Shehan Karunatilaka,"Karunatilaka, Shehan",,"=""1908745908""","=""9781908745903""",0,Sort of Books,Hardcover,386,2022,2022,,2022/07/26,to-read,to-read (#106),to-read,,,,0,0
58210933,Trust,Hernan Diaz,"Diaz, Hernan",,"=""""","=""""",0,Riverhead Books,Hardcover,402,2022,2022,,2022/07/26,to-read,to-read (#105),to-read,,,,0,0
35881184,Standing at the Edge: Finding Freedom Where Fear and Courage Meet,Joan Halifax,"Halifax, Joan",,"=""142729688X""","=""9781427296887""",0,Macmillan Audio,Audio CD,0,2018,,,2022/07/26,to-read,to-read (#104),to-read,,,,0,0
41552704,"The Art of Noticing: 131 Ways to Spark Creativity, Find Inspiration, and Discover Joy in the Everyday",Rob  Walker,"Walker, Rob",,"=""0525521240""","=""9780525521242""",0,Knopf,Hardcover,256,2019,2019,,2022/07/25,to-read,to-read (#103),to-read,,,,0,0
30066446,Legal Systems Very Different From Ours,David D. Friedman,"Friedman, David D.","Peter T. Leeson, David Skarbek","=""""","=""""",0,,ebook,,2016,2019,,2022/07/20,to-read,to-read (#102),to-read,,,,0,0
66346,The creative vision: A longitudinal study of problem finding in art,Jacob W. Getzels,"Getzels, Jacob W.",,"=""0471014869""","=""9780471014867""",0,John Wiley & Sons Inc,Paperback,304,1976,1976,,2022/07/20,to-read,to-read (#101),to-read,,,,0,0
23258874,The Math Myth: And Other STEM Delusions,Andrew Hacker,"Hacker, Andrew",,"=""1620970686""","=""9781620970683""",0,The New Press,Hardcover,240,2016,2015,,2022/07/20,to-read,to-read (#100),to-read,,,,0,0
11797471,The Idea Factory: Bell Labs and the Great Age of American Innovation,Jon Gertner,"Gertner, Jon",,"=""1594203288""","=""9781594203282""",0,Penguin Press,Hardcover,432,2012,2012,,2022/07/20,to-read,to-read (#99),to-read,,,,0,0
18079692,Consciousness and the Brain: Deciphering How the Brain Codes Our Thoughts,Stanislas Dehaene,"Dehaene, Stanislas",,"=""0670025437""","=""9780670025435""",0,Viking,Hardcover,336,2014,2014,,2022/07/20,to-read,to-read (#98),to-read,,,,0,0
2655336,"Mental Models: Towards a Cognitive Science of Language, Inference, and Consciousness (Cognitive Science Series)",Philip N. Johnson-Laird,"Johnson-Laird, Philip N.",,"=""0674568826""","=""9780674568822""",0,Harvard University Press,Paperback,513,1986,1983,,2022/07/20,to-read,to-read (#97),to-read,,,,0,0
266540,"The Algebraic Mind: Integrating Connectionism and Cognitive Science (Learning, Development, and Conceptual Change)",Gary F. Marcus,"Marcus, Gary F.",,"=""0262632683""","=""9780262632683""",0,Bradford Books,Paperback,242,2003,2001,,2022/07/20,to-read,to-read (#96),to-read,,,,0,0
55513629,The Boon of Kalinga,Subham Dubey,"Dubey, Subham",,"=""1636068502""","=""9781636068503""",0,Xpress Publishing,Paperback,319,2020,,,2020/09/29,did-not-complete,did-not-complete (#1),did-not-complete,,,,0,0
31207328,A Book of Light: When a Loved One Has a Different Mind,Jerry Pinto,"Pinto, Jerry",,"=""938605017X""","=""9789386050175""",0,Speaking Tiger,Hardcover,216,2016,,,2022/06/30,to-read,to-read (#95),to-read,,,,0,0
25172403,Seeing That Frees: Meditations on Emptiness and Dependent Arising,Rob Burbea,"Burbea, Rob",,"=""099284892X""","=""9780992848927""",0,Hermes Amāra,Kindle Edition,465,2015,2014,,2022/06/29,to-read,to-read (#94),to-read,,,,0,0
59740806,Whole Numbers and Half Truths: What Data Can and Cannot Tell Us About Modern India,Rukmini S.,"S., Rukmini",,"=""9391234674""","=""9789391234676""",0,Context,Hardcover,324,2021,,,2022/06/27,to-read,to-read (#93),to-read,,,,0,0
46158533,The Wandering,Intan Paramaditha,"Paramaditha, Intan",Stephen J. Epstein,"=""1787301176""","=""9781787301177""",0,Harvill Secker,Hardcover,432,2020,2017,,2022/06/27,to-read,to-read (#92),to-read,,,,0,0
50616973,The Lost Pianos of Siberia,Sophy  Roberts,"Roberts, Sophy",,"=""0802149286""","=""9780802149282""",0,Grove Press,Hardcover,448,2020,2020,,2022/06/27,to-read,to-read (#91),to-read,,,,0,0
25152171,Atlas of an Anxious Man (The German List),Christoph Ransmayr,"Ransmayr, Christoph",Simon Pare,"=""0857423142""","=""9780857423146""",0,Seagull Books,Hardcover,336,2016,2012,,2022/06/27,to-read,to-read (#90),to-read,,,,0,0
30753477,Temporary People (Restless Books Prize for New Immigrant W),Deepak Unnikrishnan,"Unnikrishnan, Deepak",,"=""1632061422""","=""9781632061423""",0,Restless Books,Paperback,256,2017,2017,,2022/06/27,to-read,to-read (#89),to-read,,,,0,0
19546759,If It’s Monday It Must Be Madurai: A Conducted Tour of India,Srinath Perur,"Perur, Srinath",,"=""0670087017""","=""9780670087013""",0,Penguin Books India,Hardcover,284,2013,2013,,2022/06/27,to-read,to-read (#88),to-read,,,,0,0
49114654,Shadow City: A Woman Walks Kabul,Taran N. Khan,"Khan, Taran N.",,"=""9353056977""","=""9789353056971""",0,Vintage Books,Kindle Edition,243,2019,,,2022/06/27,to-read,to-read (#86),to-read,,,,0,0
24804141,Bookshelf (Object Lessons),Lydia Pyne,"Pyne, Lydia",,"=""1501307320""","=""9781501307324""",0,Bloomsbury Academic,Paperback,152,2016,2016,,2022/06/27,to-read,to-read (#85),to-read,,,,0,0
13590703,Drawing from the City,Tejubehan,"Tejubehan, Tejubehan",,"=""9380340176""","=""9789380340173""",0,Tara Pubns,Hardcover,28,2012,2012,,2022/06/27,to-read,to-read (#84),to-read,,,,0,0
43190272,"To Be Taught, If Fortunate",Becky Chambers,"Chambers, Becky",,"=""0062936018""","=""9780062936011""",0,Harper Voyager,Paperback,153,2019,2019,,2022/06/27,to-read,to-read (#83),to-read,,,,0,0
60293351,The Greatest Kashmiri Stories Ever Told,Neerja Mattoc,"Mattoc, Neerja",,"=""9391047335""","=""9789391047337""",0,Aleph Book Company,Hardcover,184,2022,,,2022/06/27,to-read,to-read (#82),to-read,,,,0,0
52098718,Why We're Polarized,Ezra Klein,"Klein, Ezra",,"=""147670032X""","=""9781476700328""",0,Avid Reader Press / Simon  Schuster,Hardcover,336,2020,2020,,2022/06/27,to-read,to-read (#81),to-read,,,,0,0
56587388,"How the World Really Works: A Scientist's Guide to Our Past, Present and Future",Vaclav Smil,"Smil, Vaclav",,"=""0241454409""","=""9780241454404""",0,Viking,Paperback,326,2022,2022,,2022/06/27,to-read,to-read (#80),to-read,,,,0,0
50998056,The Ministry for the Future,Kim Stanley Robinson,"Robinson, Kim Stanley",,"=""0316300136""","=""9780316300131""",0,Orbit,Hardcover,563,2020,2020,,2022/06/27,to-read,to-read (#79),to-read,,,,0,0
38746485,Becoming,Michelle Obama,"Obama, Michelle",,"=""1524763136""","=""9781524763138""",4,Crown,Hardcover,448,2018,2018,2022/06/26,2022/06/26,,,read,,,,1,0
545026,Environmentalism: A Global History,Ramachandra Guha,"Guha, Ramachandra",,"=""0321011694""","=""9780321011695""",0,Pearson,Paperback,176,2020,1999,,2022/06/20,to-read,to-read (#78),to-read,,,,0,0
32047146,Democrats and Dissenters,Ramachandra Guha,"Guha, Ramachandra",,"=""""","=""""",0,Allen Lane,Kindle Edition,312,2016,2016,,2022/06/20,to-read,to-read (#77),to-read,,,,0,0
16151183,Patriots and Partisans,Ramachandra Guha,"Guha, Ramachandra",,"=""0670083860""","=""9780670083862""",0,Allen Lane,Hardcover,334,2012,2012,,2022/06/20,to-read,to-read (#76),to-read,,,,0,0
36739769,The Third Door: The Wild Quest to Uncover How the World's Most Successful People Launched Their Careers,Alex Banayan,"Banayan, Alex",,"=""""","=""""",0,Currency,Hardcover,320,2018,2018,,2022/06/19,to-read,to-read (#75),to-read,,,,0,0
420,The Year of Magical Thinking,Joan Didion,"Didion, Joan",,"=""140004314X""","=""9781400043149""",0,Alfred A. Knopf,Hardcover,227,2005,2005,,2022/06/19,to-read,to-read (#74),to-read,,,,0,0
35510008,This is Going to Hurt: Secret Diaries of a Junior Doctor,Adam Kay,"Kay, Adam",,"=""""","=""""",0,Picador,ebook,285,2017,2017,,2022/06/19,to-read,to-read (#73),to-read,,,,0,0
55825273,The Comfort Book,Matt Haig,"Haig, Matt",,"=""0143136666""","=""9780143136668""",0,Penguin Life,Hardcover,272,2021,2021,,2022/06/19,to-read,to-read (#72),to-read,,,,0,0
4069,Man's Search for Meaning,Viktor E. Frankl,"Frankl, Viktor E.","Harold S. Kushner, William J. Winslade, Isle Lasch","=""080701429X""","=""9780807014295""",0,Beacon Press,Paperback,165,2006,1946,,2022/06/19,to-read,to-read (#71),to-read,,,,0,0
57648017,The Storyteller: Tales of Life and Music,Dave Grohl,"Grohl, Dave",,"=""0063076098""","=""9780063076099""",0, Dey Street Books ,Hardcover,384,2021,2021,,2022/06/19,to-read,to-read (#70),to-read,,,,0,0
54814676,Crying in H Mart,Michelle Zauner,"Zauner, Michelle",,"=""0525657746""","=""9780525657743""",0,Knopf,Hardcover,256,2021,2021,,2022/06/19,to-read,to-read (#69),to-read,,,,0,0
35133922,Educated,Tara Westover,"Westover, Tara",,"=""0399590501""","=""9780399590504""",0,Random House,Hardcover,352,2018,2018,,2022/06/19,to-read,to-read (#68),to-read,,,,0,0
50093704,In Five Years,Rebecca Serle,"Serle, Rebecca",,"=""1982137444""","=""9781982137441""",0,Atria Books,Hardcover,272,2020,2020,,2022/06/19,to-read,to-read (#67),to-read,,,,0,0
32187419,Conversations with Friends,Sally Rooney,"Rooney, Sally",,"=""0451499077""","=""9780451499073""",0,Hogarth,Kindle Edition,304,2017,2017,,2022/06/19,to-read,to-read (#66),to-read,,,,0,0
53288434,The Lost Apothecary,Sarah Penner,"Penner, Sarah",,"=""0778311015""","=""9780778311010""",0,Park Row,Hardcover,301,2021,2021,,2022/06/19,to-read,to-read (#65),to-read,,,,0,0
36809135,Where the Crawdads Sing,Delia Owens,"Owens, Delia",,"=""0735219117""","=""9780735219113""",0,G.P. Putnam’s Sons,ebook,384,2018,2018,,2022/06/19,to-read,to-read (#64),to-read,,,,0,0
56269214,Funny Farm: My Unexpected Life with 600 Rescue Animals,Laurie Zaleski,"Zaleski, Laurie",,"=""1250272831""","=""9781250272836""",0,St. Martin's Press,Hardcover,256,2022,2022,,2022/06/19,to-read,to-read (#63),to-read,,,,0,0
58536046,Why Has Nobody Told Me This Before?: An International Bestselling Guide to Mental Health and Emotional Resilience from a Clinical Psychologist,Julie      Smith,"Smith, Julie",,"=""0063227932""","=""9780063227934""",0,HarperOne,Hardcover,368,2022,2022,,2022/06/19,to-read,to-read (#62),to-read,,,,0,0
58734811,Bittersweet: How Sorrow and Longing Make Us Whole,Susan Cain,"Cain, Susan",,"=""0451499786""","=""9780451499783""",0,Crown,Hardcover,310,2022,2022,,2022/06/19,to-read,to-read (#61),to-read,,,,0,0
57850265,How High We Go in the Dark,Sequoia Nagamatsu,"Nagamatsu, Sequoia",,"=""0063072645""","=""9780063072640""",0,William Morrow,Hardcover,293,2022,2022,,2022/06/19,to-read,to-read (#60),to-read,,,,0,0
58446227,Sea of Tranquility,Emily St. John Mandel,"Mandel, Emily St. John",,"=""0593321448""","=""9780593321447""",0,Knopf,Hardcover,259,2022,2022,,2022/06/19,to-read,to-read (#59),to-read,,,,0,0
18693763,Everything I Never Told You,Celeste Ng,"Ng, Celeste",,"=""159420571X""","=""9781594205712""",0,Penguin Press,Hardcover,297,2014,2014,,2022/06/19,to-read,to-read (#58),to-read,,,,0,0
29044,The Secret History,Donna Tartt,"Tartt, Donna",,"=""1400031702""","=""9781400031702""",0,Vintage Books,Paperback,559,2004,1992,,2022/06/19,to-read,to-read (#57),to-read,,,,0,0
139253,The House on Mango Street,Sandra Cisneros,"Cisneros, Sandra",,"=""0679734775""","=""9780679734772""",0,Knopf Doubleday Publishing Group,Paperback,110,2009,1984,,2022/06/19,to-read,to-read (#56),to-read,,,,0,0
5081331,I Know Why the Caged Bird Sings,Maya Angelou,"Angelou, Maya",Oprah Winfrey,"=""""","=""""",0,Ballantine Books,Paperback,289,2009,1969,,2022/06/19,to-read,to-read (#55),to-read,,,,0,0
168668,Catch-22,Joseph Heller,"Heller, Joseph",,"=""0684833395""","=""9780684833392""",0,Simon & Schuster ,Paperback,453,2004,1961,,2022/06/19,to-read,to-read (#54),to-read,,,,0,0
37781,"Things Fall Apart (The African Trilogy, #1)",Chinua Achebe,"Achebe, Chinua",,"=""""","=""""",0,Anchor Books,Paperback,215,1994,1958,,2022/06/19,to-read,to-read (#53),to-read,,,,0,0
10434143,Doctor Zhivago,Boris Pasternak,"Pasternak, Boris","Richard Pevear, Larissa Volokhonsky","=""0307390950""","=""9780307390950""",0,Vintage,Paperback,704,2011,1957,,2022/06/19,to-read,to-read (#52),to-read,,,,0,0
29579,"Foundation (Foundation, #1)",Isaac Asimov,"Asimov, Isaac",,"=""0553803719""","=""9780553803716""",0,Bantam,Hardcover,244,2004,1951,,2022/06/19,to-read,to-read (#51),to-read,,,,0,0
10974,As I Lay Dying,William Faulkner,"Faulkner, William",E.L. Doctorow,"=""0375504524""","=""9780375504525""",0,Modern Library,Hardcover,231,2000,1930,,2022/06/19,to-read,to-read (#50),to-read,,,,0,0
45358692,How to Be a Leader: An Ancient Guide to Wise Leadership (Ancient Wisdom for Modern Readers),Plutarch,"Plutarch, Plutarch",Jeffrey Beneker,"=""0691192111""","=""9780691192116""",0,Princeton University Press,Hardcover,416,2019,2019,,2022/06/19,to-read,to-read (#49),to-read,,,,0,0
29452503,How to Win an Argument: An Ancient Guide to the Art of Persuasion (Ancient Wisdom for Modern Readers),Marcus Tullius Cicero,"Cicero, Marcus Tullius",James M. May,"=""0691164339""","=""9780691164335""",0,Princeton University Press,Hardcover,288,2016,2016,,2022/06/19,to-read,to-read (#48),to-read,,,,0,0
97411,Letters from a Stoic,Seneca,"Seneca, Seneca",,"=""0140442103""","=""9780140442106""",0,Penguin Books,Paperback,254,2004,64,,2022/06/19,to-read,to-read (#47),to-read,,,,0,0
52036,Siddhartha,Hermann Hesse,"Hesse, Hermann",Hilda Rosner,"=""""","=""""",0,Bantam Books,Mass Market Paperback,152,1981,1922,,2022/06/19,to-read,to-read (#46),to-read,,,,0,0
51893,Thus Spoke Zarathustra,Friedrich Nietzsche,"Nietzsche, Friedrich","Domenico Ciampoli, Silvia Cecchini, Walter Kaufmann","=""""","=""""",0,Penguin Books,Paperback,327,1978,1883,,2022/06/19,to-read,to-read (#45),to-read,,,,0,0
34890015,Factfulness: Ten Reasons We're Wrong About the World – and Why Things Are Better Than You Think,Hans Rosling,"Rosling, Hans","Ola Rosling, Anna Rosling Rönnlund","=""1473637465""","=""9781473637467""",0,Sceptre,Hardcover,342,2018,2018,,2022/06/19,to-read,to-read (#44),to-read,,,,0,0
53972214,When We Cease to Understand the World,Benjamín Labatut,"Labatut, Benjamín",Adrian Nathan West,"=""1782276122""","=""9781782276128""",0,Pushkin Press,Hardcover,192,2020,2020,,2022/06/19,to-read,to-read (#43),to-read,,,,0,0
58838847,The War on the West: An Instant NYT Bestselling History of the Modern World,Douglas Murray,"Murray, Douglas",,"=""0063162024""","=""9780063162020""",0,Broadside Books,Hardcover,308,2022,2022,,2022/06/19,to-read,to-read (#42),to-read,,,,0,0
85413,Introductory Lectures on Psychoanalysis,Sigmund Freud,"Freud, Sigmund",,"=""0140137912""","=""9780140137910""",0,Penguin Books,Paperback,560,1991,1917,,2022/06/19,to-read,to-read (#41),to-read,,,,0,0
93981,The Interpretation of Dreams,Sigmund Freud,"Freud, Sigmund",,"=""1566195764""","=""9781566195768""",0,Barnes & Noble,Hardcover,630,1994,1899,,2022/06/19,to-read,to-read (#40),to-read,,,,0,0
23534695,"The Art of Asking; or, How I Learned to Stop Worrying and Let People Help",Amanda Palmer,"Palmer, Amanda",,"=""0349408106""","=""9780349408101""",0,Piatkus,Kindle Edition,353,2014,2014,,2022/06/19,to-read,to-read (#39),to-read,,,,0,0
8139407,A Million Miles in a Thousand Years: What I Learned While Editing My Life,Donald Miller,"Miller, Donald",,"=""""","=""""",0,,Kindle Edition,288,,2009,,2022/06/19,to-read,to-read (#38),to-read,,,,0,0
30741874,Your Relationship GPA: Lessons from Harvard students on how to make time for what matters most,Stephen Turban,"Turban, Stephen",Greg M. Foster,"=""""","=""""",0,,Kindle Edition,243,2016,,,2022/06/19,to-read,to-read (#37),to-read,,,,0,0
42791907,The Making of a Manager: What to Do When Everyone Looks to You,Julie Zhuo,"Zhuo, Julie",,"=""""","=""""",0,Virgin Digital,Kindle Edition,320,2019,2019,,2022/06/19,to-read,to-read (#36),to-read,,,,0,0
36417234,Powerful: Building a Culture of Freedom and Responsibility,Patty McCord,"McCord, Patty",,"=""1939714095""","=""9781939714091""",0,Silicon Guild,Hardcover,228,2018,2018,,2022/06/19,to-read,to-read (#35),to-read,,,,0,0
52181741,Die with Zero: Getting All You Can from Your Money and Your Life,Bill  Perkins,"Perkins, Bill",,"=""""","=""""",0,Houghton Mifflin Harcourt,Kindle Edition,240,2020,2020,,2022/06/19,to-read,to-read (#34),to-read,,,,0,0
19203760,The Emotionally Unavailable Man,Patti Henry,"Henry, Patti",,"=""""","=""""",0,"Rainbow Books, Inc.",Kindle Edition,192,2012,2004,,2022/06/19,to-read,to-read (#33),to-read,,,,0,0
26157078,Animal Liberation,Peter Singer,"Singer, Peter",,"=""""","=""""",0,Vintage Digital,Kindle Edition,379,2015,1975,,2022/06/19,to-read,to-read (#32),to-read,,,,0,0
55276620,South to America: A Journey Below the Mason Dixon to Understand the Soul of a Nation,Imani Perry,"Perry, Imani",,"=""0062977407""","=""9780062977403""",0,Ecco,Hardcover,410,2022,2022,,2022/06/19,to-read,to-read (#31),to-read,,,,0,0
54496090,The Betrayal of Anne Frank: A Cold Case Investigation,Rosemary Sullivan,"Sullivan, Rosemary",,"=""0062892355""","=""9780062892355""",0,Harper,Hardcover,400,2022,2022,,2022/06/19,to-read,to-read (#30),to-read,,,,0,0
58505877,"Run, Rose, Run",Dolly Parton,"Parton, Dolly",James  Patterson,"=""075955434X""","=""9780759554344""",0,"Little, Brown and Company",Hardcover,439,2022,2022,,2022/06/19,to-read,to-read (#29),to-read,,,,0,0
8034188,Where Good Ideas Come From: The Natural History of Innovation,Steven Johnson,"Johnson, Steven",,"=""1594487715""","=""9781594487712""",0,Riverhead Books,Hardcover,326,2010,2010,,2022/06/19,to-read,to-read (#28),to-read,,,,0,0
18770267,Make It Stick: The Science of Successful Learning,Peter C. Brown,"Brown, Peter C.","Henry L. Roediger III, Mark A. McDaniel","=""0674729013""","=""9780674729018""",0,Belknap Press: An Imprint of Harvard University Press,Hardcover,313,2014,2014,,2022/06/19,to-read,to-read (#27),to-read,,,,0,0
25744928,Deep Work: Rules for Focused Success in a Distracted World,Cal Newport,"Newport, Cal",,"=""1455586692""","=""9781455586691""",0,Grand Central Publishing,Hardcover,296,2016,2016,,2022/06/19,to-read,to-read (#26),to-read,,,,0,0
28921,The Remains of the Day,Kazuo Ishiguro,"Ishiguro, Kazuo",,"=""""","=""""",0,Faber & Faber,Paperback,258,2005,1989,,2022/06/19,to-read,to-read (#25),to-read,,,,0,0
26156469,Never Split the Difference: Negotiating As If Your Life Depended On It,Chris Voss,"Voss, Chris",Tahl Raz,"=""0062407805""","=""9780062407801""",0,Harper Business,Hardcover,274,2016,2016,,2022/06/19,to-read,to-read (#24),to-read,,,,0,0
49099937,No Rules Rules: Netflix and the Culture of Reinvention,Reed Hastings,"Hastings, Reed",Erin Meyer,"=""0593152387""","=""9780593152386""",0,Random House Large Print,Paperback,464,2020,2020,,2022/06/19,to-read,to-read (#23),to-read,,,,0,0
27220736,Shoe Dog: A Memoir by the Creator of Nike,Phil Knight,"Knight, Phil",,"=""1501135910""","=""9781501135910""",0,Scribner,Hardcover,400,2016,2016,,2022/06/19,to-read,to-read (#22),to-read,,,,0,0
1963638,The Untethered Soul: The Journey Beyond Yourself,Michael A. Singer,"Singer, Michael A.",,"=""""","=""""",0,New Harbinger Publications,Paperback,183,2007,2007,,2022/06/19,to-read,to-read (#21),to-read,,,,0,0
716872,The Essential Writings of Ralph Waldo Emerson,Ralph Waldo Emerson,"Emerson, Ralph Waldo","Mary Oliver, Brooks Atkinson","=""0679783229""","=""9780679783220""",0,Modern Library,Paperback,880,2000,1983,,2022/06/19,to-read,to-read (#20),to-read,,,,0,0
16256798,The One Thing: The Surprisingly Simple Truth Behind Extraordinary Results,Gary Keller,"Keller, Gary",Jay Papasan,"=""1885167776""","=""9781885167774""",0,Bard Press,Hardcover,240,2013,2012,,2022/06/19,to-read,to-read (#19),to-read,,,,0,0
55723020,Dopamine Nation: Finding Balance in the Age of Indulgence,Anna Lembke,"Lembke, Anna",,"=""1524746738""","=""9781524746735""",0,Dutton Books,ebook,304,2021,2021,,2022/06/19,to-read,to-read (#18),to-read,,,,0,0
61207385,Supercharge Your Reading: How To Use a Kindle To Read More Books and Remember What You Read,Maneetpaul Singh,"Singh, Maneetpaul",,"=""""","=""""",4,,Kindle Edition,56,2022,,2022/06/18,2022/06/18,,,read,,,,1,0
41601079,The Silent Patient,Alex Michaelides,"Michaelides, Alex",,"=""""","=""""",5,Orion,ebook,362,2019,2019,2022/06/06,2022/06/04,,,read,,,,1,0
48649801,"Spies, Lies & Red Tape : A Spy-Military-Political Fiction Thriller based on the Indian Subcontinent: A Spy-Military-Political Fiction Thriller based on the Indian Subcontinent",Amit Bagaria,"Bagaria, Amit",,"=""1646786203""","=""9781646786206""",2,Notion Press,Kindle Edition,186,2019,,2022/05/27,2022/05/27,,,read,,,,1,0
53260751,Hopelessly In Love,Sharit Sinha,"Sinha, Sharit",,"=""8189742698""","=""9788189742690""",4,Akshar Publications,Kindle Edition,246,2012,,2022/05/22,2022/05/22,,,read,,,,1,0
19048727,What They Teach You at Harvard Business School,Philip Delves Broughton,"Broughton, Philip Delves",,"=""0141931329""","=""9780141931326""",5,Penguin,Kindle Edition,332,2009,2005,2022/04/03,2022/03/04,,,read,,,,1,0
18753135,Our Moon Has Blood Clots: A Memoir of a Lost Home in Kashmir,Rahul Pandita,"Pandita, Rahul",,"=""8184003900""","=""""",4,Penguin,Kindle Edition,264,2017,2013,2022/02/27,2022/02/22,,,read,,,,1,0
1317181,"Harry Potter and the Order of the Phoenix (Harry Potter, #5, Part 1)",J.K. Rowling,"Rowling, J.K.",,"=""185549664X""","=""9781855496644""",4,BBC Audiobooks,Audiobook,412,2003,2003,,2022/02/08,,,read,,,,1,0
6372,The DaVinci Code: A Quest for Answers,Josh McDowell,"McDowell, Josh",,"=""1932587802""","=""9781932587807""",5,Green Key Books,Paperback,120,2006,2006,,2022/02/08,,,read,,,,1,0
19096852,The Dip: The extraordinary benefits of knowing when to quit (and when to stick),Seth Godin,"Godin, Seth",,"=""""","=""9780748129270""",5,Piatkus,Kindle Edition,90,2011,2007,2022/02/08,2022/02/08,,,read,,,,1,0
53207765,1984,George Orwell,"Orwell, George",,"=""9389647746""","=""9789389647747""",4,Manjul Publishing House Pvt Ltd,Kindle Edition,330,2020,1948,2022/02/05,2021/09/17,,,read,,,,1,0
32330340,Born A Crime: Stories from a South African Childhood,Trevor Noah,"Noah, Trevor",,"=""""","=""""",4,John Murray,Kindle Edition,233,2016,2016,2021/10/30,2021/10/30,,,read,,,,1,0
33986959,Pandeymonium,Piyush Pandey,"Pandey, Piyush",,"=""9352140044""","=""9789352140046""",4,Portfolio,Kindle Edition,265,2016,2015,2021/10/06,2021/10/06,,,read,,,,1,0
48589363,Shuggie Bain,Douglas   Stuart,"Stuart, Douglas",,"=""1529019303""","=""9781529019308""",4,Picador,Kindle Edition,449,2020,2020,2021/09/17,2021/06/03,,,read,,,,1,0
51100486,Why I Killed Gandhi,Nathuram Godse,"Godse, Nathuram",,"=""""","=""""",4,GENERAL PRESS,Kindle Edition,21,2019,1993,2019/10/23,2019/10/23,,,read,,,,1,0
52741473,Mind without Fear,Rajat Gupta,"Gupta, Rajat",,"=""9353450306""","=""9789353450304""",4,Juggernaut,Kindle Edition,368,2019,2013,2021/08/18,2021/08/18,,,read,,,,2,0
51014619,Good Economics for Hard Times: Better Answers to Our Biggest Problems,Abhijit V. Banerjee,"Banerjee, Abhijit V.",Esther Duflo,"=""""","=""""",0,PublicAffairs,ebook,417,2019,2019,,2021/06/16,to-read,to-read (#17),to-read,,,,0,0
6346975,Moonwalking with Einstein: The Art and Science of Remembering Everything,Joshua Foer,"Foer, Joshua",,"=""159420229X""","=""9781594202292""",0,"Penguin Press HC, The",Hardcover,307,2011,2011,,2021/06/16,to-read,to-read (#16),to-read,,,,0,0
49628,Cloud Atlas,David  Mitchell,"Mitchell, David",,"=""0375507256""","=""9780375507250""",0,Random House,Paperback,509,2004,2004,,2021/06/16,to-read,to-read (#15),to-read,,,,0,0
55361205,A Promised Land,Barack Obama,"Obama, Barack",,"=""1524763187""","=""9781524763183""",0,Crown,Kindle Edition,768,2020,2020,,2021/06/16,to-read,to-read (#14),to-read,,,,0,0
50086786,"Lights Out: Pride, Delusion, and the Fall of General Electric",Thomas Gryta,"Gryta, Thomas",Ted Mann,"=""0358250412""","=""9780358250418""",0,Houghton Mifflin Harcourt,Hardcover,368,2020,2020,,2021/06/16,to-read,to-read (#13),to-read,,,,0,0
12968709,"The Hero of Ages (Mistborn, #3)",Brandon Sanderson,"Sanderson, Brandon",,"=""""","=""""",5,Gollancz,Kindle Edition,725,2010,2008,2021/06/03,2020/06/14,,,read,,,,1,0
12968706,"The Well of Ascension (Mistborn, #2)",Brandon Sanderson,"Sanderson, Brandon",,"=""""","=""""",4,Gollancz,Kindle Edition,804,2010,2007,2021/05/23,2020/06/14,,,read,,,,1,0
824361,The God of Small Things,Arundhati Roy,"Roy, Arundhati",,"=""014302857X""","=""9780143028574""",0,Penguin,Paperback,340,2003,1997,2021/03/15,2016/11/23,,,read,,,,1,0
18000891,The Code Book - The Secret History Of Codes And Code Breaking,Simon Singh,"Singh, Simon",,"=""0007453086""","=""9780007453085""",0,Fourth Estate,Paperback,402,2000,1999,2021/03/15,2015/06/24,,,read,,,,1,0
32605235,The Whistler,Greg Griffith,"Griffith, Greg",,"=""1473649277""","=""9781473649279""",4,mountain moments,Paperback,352,2016,2016,2019/03/15,2018/07/25,,,read,,,,1,0
53654093,"The Hitchhiker's Guide to the Galaxy (Hitchhiker's Guide to the Galaxy, #1)",Douglas Adams,"Adams, Douglas",,"=""""","=""""",5,Pan,Kindle Edition,102,2020,1979,2021/03/15,2021/03/15,,,read,,,,1,0
52578297,"The Midnight Library (The Midnight World, #1)",Matt Haig,"Haig, Matt",,"=""0525559477""","=""9780525559474""",4,Viking,Hardcover,288,2020,2020,2021/02/11,2021/02/11,,,read,,,,1,0
12968705,"The Final Empire (Mistborn, #1)",Brandon Sanderson,"Sanderson, Brandon",,"=""""","=""""",5,Gollancz,ebook,884,2010,2006,2020/12/20,2020/06/14,,,read,,,,1,0
30359996,The Art of War,Sun Tzu,"Tzu, Sun",,"=""""","=""""",5,Rupa Publications India,Kindle Edition,32,2016,-500,2020/11/21,2020/11/18,,,read,,,,1,0
26832215,In Order to Live: A North Korean Girl's Journey to Freedom,Yeonmi Park,"Park, Yeonmi",Marianne Vollers,"=""""","=""""",4,Penguin,Kindle Edition,290,2015,2015,2020/11/16,2020/11/03,,,read,,,,1,0
51692966,Hidden in Plain Sight (William Warwick #2),Jeffrey Archer,"Archer, Jeffrey",,"=""1509851356""","=""9781509851355""",3,Macmillan,Kindle Edition,326,2020,2020,2020/11/03,2020/11/02,,,read,,,,1,0
22833174,A case of Exploding Mangoes,Mohammed Hanif,"Hanif, Mohammed",,"=""8184002327""","=""9788184002324""",4,Vintage Books,Kindle Edition,247,2011,2008,2020/10/30,2020/10/21,,,read,,,,1,0
49691668,The Fountainhead,Ayn Rand,"Rand, Ayn",,"=""""","=""""",5,NAL,Kindle Edition,752,,1943,2020/09/29,2020/07/01,,,read,,,,1,0
36436182,Secret of the Himalayan Treasure,Divyansh Mundra,"Mundra, Divyansh",,"=""1549943103""","=""9781549943102""",3,Independently Published,Kindle Edition,226,2017,,2020/07/18,2020/07/18,,,read,,,,1,0
18944912,If Tomorrow Comes: The master of the unexpected,Sidney Sheldon,"Sheldon, Sidney",,"=""0007370601""","=""9780007370603""",3,HarperCollins,Kindle Edition,594,2012,1985,2020/06/30,2020/06/24,,,read,,,,1,0
11650481,City of Thieves,David Benioff,"Benioff, David",,"=""1848943970""","=""""",4,Sceptre,Kindle Edition,284,2009,2008,2020/06/23,2020/06/23,,,read,,,,1,0
35171183,So You Want to Know About Economics,Roopa Pai,"Pai, Roopa",Mohit Suneja,"=""""","=""""",4,Rupa Publications India,Kindle Edition,145,2017,2017,2020/06/22,2020/06/22,,,read,,,,1,0
28698036,"Secret History (Mistborn, #3.5)",Brandon Sanderson,"Sanderson, Brandon",,"=""""","=""""",0,"Dragonsteel, LLC",Kindle Edition,155,2016,2016,,2020/06/14,to-read,to-read (#12),to-read,,,,0,0
18739426,"The Bands of Mourning (Mistborn, #6)",Brandon Sanderson,"Sanderson, Brandon",,"=""146686267X""","=""9781466862678""",0,Tor,Kindle Edition,455,2016,2016,,2020/06/14,to-read,to-read (#11),to-read,,,,0,0
16065004,"Shadows of Self (Mistborn, #5)",Brandon Sanderson,"Sanderson, Brandon",,"=""0765378558""","=""9780765378552""",0,Tor Books,Hardcover,376,2015,2015,,2020/06/14,to-read,to-read (#10),to-read,,,,0,0
49399306,The Bugle Calls: A Life in the Indian Army,Naresh Rastogi,"Rastogi, Naresh",Kiran Doshi,"=""""","=""""",5,Tranquebar,Kindle Edition,298,2019,,2020/06/06,2020/05/22,,,read,,,,1,0
21956155,And Then There Were None,Agatha Christie,"Christie, Agatha",,"=""0007282311""","=""9780007282319""",4,HarperCollins,Paperback,316,2007,1939,2020/05/22,2018/07/25,,,read,,,,1,0
41057294,Normal People,Sally Rooney,"Rooney, Sally",,"=""1984822179""","=""9781984822178""",0,Crown,Hardcover,273,2019,2018,,2020/05/22,to-read,to-read (#9),to-read,,,,0,0
36239658,A Wasted Hour,Jeffrey Archer,"Archer, Jeffrey",,"=""""","=""""",4,Pan,Kindle Edition,14,2017,2017,2020/05/22,2020/05/22,,,read,,,,1,0
37812167,One Man's Meat: The Year of Short Stories,Jeffrey Archer,"Archer, Jeffrey",,"=""""","=""""",4,Pan,Kindle Edition,58,2011,2011,2020/05/20,2020/05/19,,,read,,,,1,0
37784362,The Grass Is Always Greener: The Year of Short Stories,Jeffrey Archer,"Archer, Jeffrey",,"=""""","=""""",4,Pan,Kindle Edition,22,2011,2000,2020/05/19,2020/05/13,,,read,,,,1,0
37778916,No Room at the Inn,Jeffrey Archer,"Archer, Jeffrey",,"=""""","=""""",2,Pan,Kindle Edition,18,2011,2010,2020/05/13,2020/05/12,,,read,,,,1,0
18526338,In the Year 2889,Jules Verne,"Verne, Jules",,"=""""","=""""",4,,Kindle Edition,32,2012,1889,2020/05/11,2020/05/10,,,read,,,,1,0
19351589,Christina Rosenthal,Jeffrey Archer,"Archer, Jeffrey",,"=""1447204786""","=""9781447204787""",4,Macmillan,Kindle Edition,32,2011,2011,2020/05/10,2020/04/29,,,read,,,,1,0
36073585,Ikigai: The Japanese secret to a long and happy life,Héctor  García,"García, Héctor",Francesc Miralles,"=""""","=""""",4,Cornerstone Digital,Kindle Edition,158,2017,2016,2020/04/29,2020/04/29,,,read,,,,1,0
44302808,Nothing Ventured (William Warwick #1),Jeffrey Archer,"Archer, Jeffrey",,"=""1509851313""","=""""",4,Macmillan,Kindle Edition,395,2019,2019,2020/04/04,2020/04/04,,,read,,,,1,0
19470991,ASHWIN SANGHI BOX SET,Ashwin Sanghi,"Sanghi, Ashwin",,"=""""","=""""",3,Westland,Kindle Edition,1484,2013,,2020/03/28,2020/03/28,,,read,,,,1,0
29366317,"This Was a Man (The Clifton Chronicles, #7)",Jeffrey Archer,"Archer, Jeffrey",,"=""1035022834""","=""9781035022830""",5,Macmillan,Kindle Edition,533,2016,2016,2020/02/15,2020/01/26,,,read,,,,1,0
24370637,Mightier than the Sword,Jeffrey Archer,"Archer, Jeffrey",,"=""1447248759""","=""9781447248750""",5,Macmillan,Kindle Edition,501,2015,2015,2020/01/26,2020/01/10,,,read,,,,1,0
20553424,Be Careful What You Wish For (The Clifton Chronicles #4),Jeffrey Archer,"Archer, Jeffrey",,"=""1447248740""","=""""",5,Macmillan,Kindle Edition,484,2014,2014,2020/01/10,2020/01/03,,,read,,,,1,0
17612271,Best Kept Secret,Jeffrey Archer,"Archer, Jeffrey",,"=""0230771475""","=""""",4,Macmillan,Kindle Edition,400,2013,2013,2020/01/03,2020/01/03,,,read,,,,1,0
18831779,"The Sins of the Father (The Clifton Chronicles, #2)",Jeffrey Archer,"Archer, Jeffrey",,"=""""","=""""",4,Macmillan,Kindle Edition,449,2012,2012,2019/12/27,2019/12/27,,,read,,,,1,0
11326405,Only Time Will Tell (The Clifton Chronicles series Book 1),Jeffrey Archer,"Archer, Jeffrey",,"=""103502277X""","=""9781035022779""",5,Macmillan,Kindle Edition,465,2011,2011,2019/10/26,2019/10/26,,,read,,,,1,0
78129,"Killing Floor (Jack Reacher, #1)",Lee Child,"Child, Lee",,"=""0515141429""","=""9780515141429""",0,Jove,Mass Market Paperback,474,2006,1997,,2019/08/15,to-read,to-read (#8),to-read,,,,0,0
320,One Hundred Years of Solitude,Gabriel García Márquez,"Márquez, Gabriel García",Gregory Rabassa,"=""""","=""""",5,Harper,Mass Market Paperback,417,2003,1967,,2019/07/24,,,read,,,,1,0
29068338,The Sialkot Saga,Ashwin Sanghi,"Sanghi, Ashwin",,"=""""","=""""",5,Westland,Kindle Edition,588,2016,,2019/06/29,2019/06/29,,,read,,,,1,0
33641535,Battlefields & Paradise,Sabir Hussain,"Hussain, Sabir",,"=""""","=""""",0,Westland,Kindle Edition,296,2016,2016,2019/03/10,2019/03/10,,,read,,,,1,0
40538831,How to Hold a Grudge: From Resentment to Contentment―The Power of Grudges to Transform Your Life,Sophie Hannah,"Hannah, Sophie",,"=""1982111429""","=""9781982111427""",0,Scribner,Hardcover,272,2019,2019,,2018/10/28,to-read,to-read (#7),to-read,,,,0,0
12666451,The Lazy Winner,Peter         Taylor,"Taylor, Peter",,"=""1908189746""","=""9781908189745""",0,Infinite Ideas,Kindle Edition,160,2011,2011,,2018/08/15,to-read,to-read (#6),to-read,,,,0,0
689417,Start with NO...The Negotiating Tools that the Pros Don't Want You to Know,Jim Camp,"Camp, Jim",,"=""0609608002""","=""9780609608005""",0,Crown Currency,Hardcover,288,2002,2002,,2018/08/15,to-read,to-read (#5),to-read,,,,0,0
36229596,"20,000 Leagues Under the Sea",Jules Verne,"Verne, Jules",,"=""2378074751""","=""9782378074753""",4,Prometheus Classics,Kindle Edition,492,2017,1869,2018/07/27,2018/02/04,,,read,,,,1,0
24910275,Percy Jackson and the Greek Heroes,Rick Riordan,"Riordan, Rick",,"=""0141355425""","=""9780141355429""",4,Puffin,Hardcover,516,2015,2015,,2018/07/25,,,read,,,,1,0
19411730,The Hedge Knight II: The Sworn Sword,Ben Avery,"Avery, Ben","George R.R. Martin, Mike S. Miller","=""""","=""""",3,Jet City,Kindle Edition,176,2014,2008,2018/03/15,2018/03/15,,,read,,,,1,0
2165,The Old Man and the Sea,Ernest Hemingway,"Hemingway, Ernest",,"=""0684830493""","=""9780684830490""",5,Scribner,Hardcover,96,1996,1952,,2018/02/21,,,read,,,,1,0
77203,The Kite Runner,Khaled Hosseini,"Hosseini, Khaled",,"=""159463193X""","=""9781594631931""",4,Riverhead Books,Paperback,371,2004,2003,,2018/02/21,,,read,,,,1,0
5107,The Catcher in the Rye,J.D. Salinger,"Salinger, J.D.",,"=""0316769177""","=""9780316769174""",4,Back Bay Books,Paperback,277,2001,1951,,2018/02/21,,,read,,,,1,0
2,"Harry Potter and the Order of the Phoenix (Harry Potter, #5)",J.K. Rowling,"Rowling, J.K.",Mary GrandPré,"=""0439686520""","=""9780439686525""",0,Scholastic Inc.,Paperback,576,2004,2003,,2018/02/21,,,read,,,,1,0
9471031,The Rozabal Line,Ashwin Sanghi,"Sanghi, Ashwin",Shawn Haigins,"=""0615384501""","=""9780615384504""",4,Northhill Publishing,Paperback,278,2010,2007,,2017/11/06,,,read,,,,1,0
24113,"Gödel, Escher, Bach: An Eternal Golden Braid",Douglas R. Hofstadter,"Hofstadter, Douglas R.",,"=""0465026567""","=""9780465026562""",0,Basic Books,Paperback,777,1999,1979,,2017/11/02,to-read,to-read (#4),to-read,,,,0,0
25671861,"Cometh the Hour (The Clifton Chronicles, #6)",Jeffrey Archer,"Archer, Jeffrey",,"=""1466867507""","=""9781466867505""",0,St. Martin's Press,ebook,404,2016,2016,,2017/09/13,,,read,,,,1,0
24723239,Reckless (Tracy Whitney #3),Tilly Bagshawe,"Bagshawe, Tilly",Sidney Sheldon,"=""0062304054""","=""9780062304056""",3,William Morrow,Hardcover,400,2015,2015,,2017/07/03,,,read,,,,1,0
10863963,The White Tiger,Aravind Adiga,"Adiga, Aravind",,"=""8172238479""","=""9788172238476""",4,Harpercollins,Paperback,328,2010,2008,2016/11/29,2016/11/23,,,read,,,,1,0
13763857,"Smart Thinking: Three Essential Keys to Solve Problems, Innovate and Get Things Done",Art Markman,"Markman, Art",,"=""0749957689""","=""9780749957681""",3,Piatkus Books,Paperback,272,2012,2012,2016/11/23,2015/06/24,,,read,,,,1,0
22732195,Six Secrets Smart Students Dont Tell You,Chandan Deshmukh,"Deshmukh, Chandan",,"=""9384030163""","=""9789384030162""",3,Westland,Paperback,124,2014,2014,2016/11/23,2015/06/24,,,read,,,,1,0
826445,The Godfather,Mario Puzo,"Puzo, Mario",,"=""""","=""""",4,Arrow Books,Paperback,595,1991,1969,2016/11/23,2015/06/24,,,read,,,,1,0
1257597,The Pleasure of Finding Things Out: The Best Short Works of Richard P. Feynman,Richard P. Feynman,"Feynman, Richard P.",,"=""0141031433""","=""9780141031439""",3,"Penguin Books, Limited (UK)",Paperback,288,2010,1999,2015/12/11,2015/06/24,,,read,,,,1,0
16040430,Manorama Yearbook 2012,Mammen Mathew,"Mathew, Mammen","Philip Mathew, K.C. Narayanan, V. George Mathew, Biju Mathai, C. Unnikrishnan Pillai, Kenny Jose","=""""","=""9770542577803""",0,Malayala Manorama Co. Ltd.,Paperback,1040,2012,2012,2016/11/23,2015/06/24,,,read,,,,1,0
69571,Rich Dad Poor Dad: What the Rich Teach Their Kids About Money—That the Poor and Middle Class Do Not!,Robert T. Kiyosaki,"Kiyosaki, Robert T.",,"=""0751532711""","=""9780751532715""",4,Time Warner Books UK,Paperback,195,2002,1997,,2016/11/23,,,read,,,,1,0
18298399,"Murder in the Mews: a Hercule Poirot Short Story (Hercule Poirot, #SS-36)",Agatha Christie,"Christie, Agatha",,"=""""","=""""",0,Witness Impulse,Kindle Edition,78,2013,1937,,2016/11/16,,,read,,,,1,0
785454,Train to Pakistan,Khushwant Singh,"Singh, Khushwant",Arthur Lall,"=""0802132219""","=""9780802132215""",0,Grove Press,Paperback,181,1994,1956,,2016/11/16,,,read,,,,1,0
865,The Alchemist,Paulo Coelho,"Coelho, Paulo",Alan R. Clarke,"=""0061122416""","=""9780061122415""",3,HarperCollins,Paperback,197,1993,1988,,2016/07/11,,,read,,,,1,0
11827808,The Secret of the Nagas (Shiva Trilogy #2),Amish Tripathi,"Tripathi, Amish",,"=""""","=""""",0,Westland,Paperback,371,2011,2011,,2015/12/11,to-read,to-read (#3),to-read,,,,0,0
7913305,"The Immortals of Meluha (Shiva Trilogy, #1)",Amish Tripathi,"Tripathi, Amish",,"=""""","=""""",0,Westland ,Paperback,436,2010,2010,,2015/12/11,,,read,,,,1,0
24709327,"Scion of Ikshvaku (Ram Chandra, #1)",Amish Tripathi,"Tripathi, Amish",,"=""9385152149""","=""9789385152146""",0,Westland Publication,Paperback,354,2015,2015,,2015/12/11,to-read,to-read (#2),to-read,,,,0,0
2657,To Kill a Mockingbird,Harper Lee,"Lee, Harper",,"=""0060935464""","=""9780060935467""",0,Harper Perennial Modern Classics ,Paperback,323,2006,1960,,2015/12/11,,,read,,,,1,0
14347714,How I Braved Anu Aunty & Co-Founded A Million Dollar Company,Varun Agarwal,"Agarwal, Varun",,"=""812911979X""","=""9788129119797""",0,Rupa Publications India Pvt Ltd,Paperback,250,2012,2012,,2015/08/18,,,read,,,,1,0
575715,"Anything for You, Ma'am: An IITian's Love Story",Raheja Tushar,"Tushar, Raheja",,"=""8188575860""","=""9788188575862""",0,Srishti Publishers & Distributors,Paperback,256,2006,2006,,2015/08/18,,,read,,,,1,0
8417071,Now That You're Rich . . . Let's Fall In Love,Durjoy Datta,"Datta, Durjoy",Maanvi Ahuja,"=""8188575771""","=""9788188575770""",0,Srishti Publications ,Paperback,224,2009,2009,,2015/08/18,,,read,,,,1,0
12127750,"The Mark of Athena (The Heroes of Olympus, #3)",Rick Riordan,"Riordan, Rick",,"=""1423140605""","=""9781423140603""",0,Disney-Hyperion Books,Hardcover,586,2012,2012,,2015/06/26,,,read,,,,1,0
28186,"The Sea of Monsters (Percy Jackson and the Olympians, #2)",Rick Riordan,"Riordan, Rick",,"=""0786856866""","=""9780786856862""",0,Hyperion Books,Hardcover,279,2006,2006,,2015/06/26,,,read,,,,1,0
2120932,"The Battle of the Labyrinth (Percy Jackson and the Olympians, #4)",Rick Riordan,"Riordan, Rick",,"=""1423101464""","=""9781423101468""",0,Hyperion Books for Children,Hardcover,361,2008,2008,,2015/06/26,,,read,,,,1,0
28187,"The Lightning Thief (Percy Jackson and the Olympians, #1)",Rick Riordan,"Riordan, Rick",,"=""0786838655""","=""9780786838653""",0,Disney Hyperion Books,Paperback,377,2006,2005,,2015/06/26,,,read,,,,1,0
20575023,Take Me Home: The Inspiring Stories of 20 Entrepreneurs from Small Town India with Big-Time Dreams,Rashmi Bansal,"Bansal, Rashmi",,"=""9383260807""","=""9789383260805""",0,Westland,Paperback,384,2014,2014,,2015/06/26,,,read,,,,1,0
8142431,Connect The Dots,Rashmi Bansal,"Bansal, Rashmi",,"=""8190453025""","=""9788190453028""",0,Eklavya Education Foundation,Paperback,305,2010,2010,,2015/06/26,,,read,,,,1,0
4765642,Stay Hungry Stay Foolish,Rashmi Bansal,"Bansal, Rashmi",,"=""9381626715""","=""9789381626719""",0,ciieindia,Paperback,324,2008,2008,,2015/06/26,,,read,,,,1,0
105578,One Night at the Call Center,Chetan Bhagat,"Bhagat, Chetan",,"=""0345498321""","=""9780345498328""",0,Random House Publishing Group,Paperback,320,2007,2005,,2015/06/26,,,read,,,,1,0
12615008,"Revolution 2020: Love, Corruption, Ambition",Chetan Bhagat,"Bhagat, Chetan",,"=""8129118807""","=""9788129118806""",0,Rupa Publications,Paperback,296,2011,2011,,2015/06/26,,,read,,,,1,0
3320520,The 3 Mistakes of My Life,Chetan Bhagat,"Bhagat, Chetan",,"=""8129113724""","=""9788129113726""",0,Rupa & Co.,Paperback,258,2008,2008,,2015/06/26,,,read,,,,1,0
6969361,2 States: The Story of My Marriage,Chetan Bhagat,"Bhagat, Chetan",,"=""8129115301""","=""9788129115300""",0,Rupa & Co,Paperback,269,2009,2009,,2015/06/26,,,read,,,,1,0
13596166,Joyland,Stephen  King,"King, Stephen",,"=""1781162646""","=""9781781162644""",0,Titan Books,Paperback,285,2013,2013,,2015/06/26,,,read,,,,1,0
862041,"Harry Potter Series Box Set (Harry Potter, #1-7)",J.K. Rowling,"Rowling, J.K.",,"=""0545044251""","=""9780545044257""",0,Scholastic Inc.,Hardcover,4100,2007,2007,,2015/06/26,,,read,,,,1,0
6265683,The Mysterious Island,Jules Verne,"Verne, Jules",,"=""""","=""""",0,Public Domain Books,Kindle Edition,458,1998,1875,,2015/06/26,,,read,,,,1,0
8200488,A Journey to the Centre of the Earth,Jules Verne,"Verne, Jules",,"=""""","=""""",0,Public Domain Books,Kindle Edition,308,2009,1864,,2015/06/26,,,read,,,,1,0
643301,"Dan Brown Omnibus: Angels and Demons / The Da Vinci Code (Robert Langdon, #1-2)",Dan    Brown,"Brown, Dan",,"=""0593054601""","=""9780593054604""",0,Atria Books,Hardcover,864,2005,2005,,2015/06/26,,,read,,,,1,0
11125,Digital Fortress,Dan    Brown,"Brown, Dan",,"=""""","=""""",0,Corgi books,Paperback,510,2004,1998,,2015/06/26,,,read,,,,1,0
8125623,"The Lost Symbol (Robert Langdon, #3)",Dan    Brown,"Brown, Dan",,"=""""","=""""",0,Anchor,ebook,670,2009,2009,,2015/06/26,,,read,,,,1,0
968,"The Da Vinci Code (Robert Langdon, #2)",Dan    Brown,"Brown, Dan",,"=""""","=""""",0,Anchor,Paperback,489,2006,2003,,2015/06/26,,,read,,,,1,0
960,"Angels & Demons (Robert Langdon, #1)",Dan    Brown,"Brown, Dan",,"=""1416524797""","=""9781416524793""",0,Pocket Books,Mass Market Paperback,736,2006,2000,,2015/06/26,,,read,,,,1,0
17732096,Enid Blyton Mystery series,Enid Blyton,"Blyton, Enid",,"=""""","=""""",0,Egmont ,Paperback,,,,,2015/06/26,,,read,,,,1,0
188572,The Complete Sherlock Holmes,Arthur Conan Doyle,"Doyle, Arthur Conan",,"=""""","=""""",0,Bantam Classics,Paperback,1796,1986,1887,,2015/06/24,,,read,,,,1,0
